Referral,Asset,Total Fee
0x2530e423b89b8ca8a5065cfdf280dbfc46d6886b,nep141:arb-0xfd086bc7cd5c481dcc9c85ebe478a1c0b69fcbb9.omft.near,1250
app.vdex.trade,nep141:arb-0xfd086bc7cd5c481dcc9c85ebe478a1c0b69fcbb9.omft.near,20991302.9775
app.vdex.trade,nep141:arb.omft.near,2335444961759.31
app.vdex.trade,nep141:eth-0xa0b86991c6218b36c1d19d4a2e9eb0ce3606eb48.omft.near,2535000.0025
app.vdex.trade,nep141:eth-0xdac17f958d2ee523a2206206994597c13d831ec7.omft.near,7700000
app.vdex.trade,nep141:usdt.tether-token.near,1681.125
app.vdex.trade,nep141:wrap.near,1e+21
app.vdex.trade,nep245:v2_1.omni.hot.tg:10_11111111111111111111,1125000000000
consumerfi,nep141:17208628f84f5d6ad33f0da3bbbeb27ffcb398eac501a31bd6ad2011e36133a1,18839903.987999998
consumerfi,nep141:base-0x227d920e20ebac8a40e7d6431b7d724bb64d7245.omft.near,693790485065561500000
consumerfi,nep141:base-0x532f27101965dd16442e59d40670faf5ebb142e4.omft.near,2261581551145106200
consumerfi,nep141:base-0x833589fcd6edb6e08f4c7c32d4f71b54bda02913.omft.near,1043956406.5355005
consumerfi,nep141:base-0x98d0baa52b2d063e780de12f615f963fe8537553.omft.near,142371197632104330000
consumerfi,nep141:base-0xa5c67d8d37b88c2d88647814da5578128e2c93b2.omft.near,2695637040330067500
consumerfi,nep141:base-0xcbb7c0000ab88b473b1f5afd9ef808440eed33bf.omft.near,15904.273000000003
consumerfi,nep141:base.omft.near,234540288370794000
consumerfi,nep141:eth-0x8d0d000ee44948fc98c9b98a4fa4921476f08b0d.omft.near,23753880589117890
consumerfi,nep141:eth-0xa0b86991c6218b36c1d19d4a2e9eb0ce3606eb48.omft.near,17529295.464
consumerfi,nep141:eth-0xaaaaaa20d9e0e2461697782ef11675f668207961.omft.near,6063894713434933000
consumerfi,nep141:eth-0xdac17f958d2ee523a2206206994597c13d831ec7.omft.near,5425397.288500001
consumerfi,nep141:eth.omft.near,26315406205756824
consumerfi,nep141:sol-57d087fd8c460f612f8701f5499ad8b2eec5ab68.omft.near,198826823.495
consumerfi,nep141:sol-5ce3bf3a31af18be40ba30f721101b4341690186.omft.near,358412539.50949997
consumerfi,nep141:sol-c58e6539c2f2e097c251f8edf11f9c03e581f8d4.omft.near,15734.501
consumerfi,nep141:sol-c800a4bd850783ccb82c2b2c7e84175443606352.omft.near,181417458.66700006
consumerfi,nep141:sol-df27d7abcc1c656d4ac3b1399bbfbba1994e6d8c.omft.near,588111196.464
consumerfi,nep141:sol.omft.near,986090332.9699999
consumerfi,nep141:usdt.tether-token.near,3648995.250000001
consumerfi,nep141:wrap.near,1.7108478124731643e+24
consumerfi,nep245:v2_1.omni.hot.tg:56_11111111111111111111,6742193092464805
consumerfi,nep245:v2_1.omni.hot.tg:56_2CMMyVTGZkeyNZTSvS5sarzfir6g,39466959774476470000
consumerfi,nep245:v2_1.omni.hot.tg:56_2w93GqMcEmQFDru84j3HZZWt557r,25173003764754104000
dogecoinswap.intents-referral.near,nep141:sol-5ce3bf3a31af18be40ba30f721101b4341690186.omft.near,66000149.756
dogecoinswap.intents-referral.near,nep245:v2_1.omni.hot.tg:1117_,21639153.232
flex_in,nep141:doge.omft.near,40000000
gemwallet,nep141:aptos.omft.near,500000
gemwallet,nep141:arb-0xaf88d065e77c8cc2239327c5edb3a432268e5831.omft.near,9995991.28
gemwallet,nep141:arb.omft.near,828530861145252.8
gemwallet,nep141:base-0x833589fcd6edb6e08f4c7c32d4f71b54bda02913.omft.near,544848.52
gemwallet,nep141:base.omft.near,181545125838555.12
gemwallet,nep141:bera.omft.near,481330592380801600
gemwallet,nep141:btc.omft.near,84150.2
gemwallet,nep141:cardano.omft.near,1042587.65
gemwallet,nep141:doge.omft.near,14855733755.24
gemwallet,nep141:eth-0xa0b86991c6218b36c1d19d4a2e9eb0ce3606eb48.omft.near,376839694.645
gemwallet,nep141:eth-0xdac17f958d2ee523a2206206994597c13d831ec7.omft.near,179560420.6475
gemwallet,nep141:eth.omft.near,20069455917444812
gemwallet,nep141:sol-5ce3bf3a31af18be40ba30f721101b4341690186.omft.near,241434.71
gemwallet,nep141:sol-c800a4bd850783ccb82c2b2c7e84175443606352.omft.near,5048693.095
gemwallet,nep141:sol.omft.near,79996530.075
gemwallet,nep141:sui.omft.near,55000000
gemwallet,nep141:tron-d28a265909efecdcee7c5028585214ea0b96f015.omft.near,8557500
gemwallet,nep141:tron.omft.near,2235156.5
gemwallet,nep141:wrap.near,3.39254192258331e+23
gemwallet,nep141:xrp.omft.near,42642057.405
gemwallet,nep141:zec.omft.near,35625621.505
gemwallet,nep245:v2_1.omni.hot.tg:1100_111bzQBB5v7AhLyPMDwS8uJgQV24KaAPXtwyVWu2KXbbfQU6NXRCz,1000000
gemwallet,nep245:v2_1.omni.hot.tg:1117_,3142117206.48
gemwallet,nep245:v2_1.omni.hot.tg:137_11111111111111111111,1574326230590588000
gemwallet,nep245:v2_1.omni.hot.tg:137_3hpYoaLtt8MP1Z2GH1U473DMRKgr,98050
gemwallet,nep245:v2_1.omni.hot.tg:137_qiStmoQJDQPTebaPjgx5VBxZv6L,1668619.2575
gemwallet,nep245:v2_1.omni.hot.tg:43114_11111111111111111111,1289006397643342.5
gemwallet,nep245:v2_1.omni.hot.tg:56_11111111111111111111,20248265136977876
gemwallet,nep245:v2_1.omni.hot.tg:56_2CMMyVTGZkeyNZTSvS5sarzfir6g,38259916478633350000
gemwallet,nep245:v2_1.omni.hot.tg:56_2w93GqMcEmQFDru84j3HZZWt557r,4409800000000000000
infinex.near,nep141:arb-0xaf88d065e77c8cc2239327c5edb3a432268e5831.omft.near,0
infinex.near,nep141:arb-0xfd086bc7cd5c481dcc9c85ebe478a1c0b69fcbb9.omft.near,0
infinex.near,nep141:arb.omft.near,0
infinex.near,nep141:base-0x833589fcd6edb6e08f4c7c32d4f71b54bda02913.omft.near,161111.84100000001
infinex.near,nep141:base.omft.near,0
infinex.near,nep141:btc.omft.near,376.61350000000004
infinex.near,nep141:cardano.omft.near,0
infinex.near,nep141:doge.omft.near,0
infinex.near,nep141:eth-0xa0b86991c6218b36c1d19d4a2e9eb0ce3606eb48.omft.near,0
infinex.near,nep141:eth-0xdac17f958d2ee523a2206206994597c13d831ec7.omft.near,0
infinex.near,nep141:eth.omft.near,0
infinex.near,nep141:sol-5ce3bf3a31af18be40ba30f721101b4341690186.omft.near,0
infinex.near,nep141:sol-c58e6539c2f2e097c251f8edf11f9c03e581f8d4.omft.near,0
infinex.near,nep141:sol-c800a4bd850783ccb82c2b2c7e84175443606352.omft.near,0
infinex.near,nep141:sol.omft.near,0
infinex.near,nep141:xrp.omft.near,0
infinex.near,nep141:zec.omft.near,23821.95
intents.tg,nep141:17208628f84f5d6ad33f0da3bbbeb27ffcb398eac501a31bd6ad2011e36133a1,38964849.72039995
intents.tg,nep141:aaaaaa20d9e0e2461697782ef11675f668207961.factory.bridge.near,249979732800225020000
intents.tg,nep141:arb-0x912ce59144191c1204e64559fe8253a0e49e6548.omft.near,2056877973125000000
intents.tg,nep141:arb-0xaf88d065e77c8cc2239327c5edb3a432268e5831.omft.near,12652980.575000001
intents.tg,nep141:arb-0xfd086bc7cd5c481dcc9c85ebe478a1c0b69fcbb9.omft.near,2161760.2786
intents.tg,nep141:arb.omft.near,611223337954869.1
intents.tg,nep141:base-0x833589fcd6edb6e08f4c7c32d4f71b54bda02913.omft.near,8955283.319899999
intents.tg,nep141:base-0x98d0baa52b2d063e780de12f615f963fe8537553.omft.near,107021500000000000
intents.tg,nep141:base-0xcbb7c0000ab88b473b1f5afd9ef808440eed33bf.omft.near,25
intents.tg,nep141:base.omft.near,1909386776695587.8
intents.tg,nep141:bera-0x779ded0c9e1022225f8e0630b35a9b54be713736.omft.near,25745
intents.tg,nep141:bera.omft.near,55384352475000000
intents.tg,nep141:blackdragon.tkn.near,960250000000000000
intents.tg,nep141:btc.omft.near,2956.1494
intents.tg,nep141:eth-0x6b175474e89094c44da98b954eedeac495271d0f.omft.near,73227725000000000
intents.tg,nep141:eth-0xa0b86991c6218b36c1d19d4a2e9eb0ce3606eb48.omft.near,679073.54
intents.tg,nep141:eth-0xdac17f958d2ee523a2206206994597c13d831ec7.omft.near,10400343.517499998
intents.tg,nep141:eth.bridge.near,145347799497724.38
intents.tg,nep141:eth.omft.near,1824363651352037
intents.tg,nep141:gnosis-0x6a023ccd1ff6f2045c3309768ead9e68f978f6e1.omft.near,1132550000000
intents.tg,nep141:gnosis-0x9c58bacc331c9aa871afd802db6379a98e80cedb.omft.near,1496749675000000
intents.tg,nep141:jambo-1679.meme-cooking.near,1.3126892423903e+21
intents.tg,nep141:kat.token0.near,5000000000000000
intents.tg,nep141:mpdao-token.near,2.4275
intents.tg,nep141:nbtc.bridge.near,6.6625000000000005
intents.tg,nep141:sol-5ce3bf3a31af18be40ba30f721101b4341690186.omft.near,26240646.14310001
intents.tg,nep141:sol-c800a4bd850783ccb82c2b2c7e84175443606352.omft.near,3711323.807300001
intents.tg,nep141:sol.omft.near,120875009.225
intents.tg,nep141:token.0xshitzu.near,1776497500000000000
intents.tg,nep141:token.publicailab.near,8945752212075001000
intents.tg,nep141:token.rhealab.near,77886346002575050000
intents.tg,nep141:token.sweat,24347853749975000000
intents.tg,nep141:tron-d28a265909efecdcee7c5028585214ea0b96f015.omft.near,8302993.66
intents.tg,nep141:tron.omft.near,6903827.499999999
intents.tg,nep141:usdt.tether-token.near,29085536.599599935
intents.tg,nep141:wrap.near,1.3872324125365734e+26
intents.tg,nep245:v2_1.omni.hot.tg:10_11111111111111111111,35977289894777.95
intents.tg,nep245:v2_1.omni.hot.tg:10_359RPSJVdTxwTJT9TyGssr2rFoWo,2098798.59
intents.tg,nep245:v2_1.omni.hot.tg:10_A2ewyUyDp6qsue1jqZsGypkCxRJ,30095.790500000003
intents.tg,nep245:v2_1.omni.hot.tg:10_vLAiSt9KfUGKpw5cD3vsSyNYBo7,179648082900000000
intents.tg,nep245:v2_1.omni.hot.tg:1100_111bzQBB65GxAPAVoxqmMcgYo5oS3txhqs1Uh1cgahKQUeTUq1TJu,37377419.69050002
intents.tg,nep245:v2_1.omni.hot.tg:1117_,18266459638.760002
intents.tg,nep245:v2_1.omni.hot.tg:1117_3tsdfyziyc7EJbP2aULWSKU4toBaAcN4FdTgfm5W1mC4ouR,14913506.040300002
intents.tg,nep245:v2_1.omni.hot.tg:137_11111111111111111111,5861500164127099000
intents.tg,nep245:v2_1.omni.hot.tg:137_3hpYoaLtt8MP1Z2GH1U473DMRKgr,675427.1858000001
intents.tg,nep245:v2_1.omni.hot.tg:137_qiStmoQJDQPTebaPjgx5VBxZv6L,90187.06599999999
intents.tg,nep245:v2_1.omni.hot.tg:43114_11111111111111111111,29882030775000000
intents.tg,nep245:v2_1.omni.hot.tg:43114_372BeH7ENZieCaabwkbWkBiTTgXp,1726.3044
intents.tg,nep245:v2_1.omni.hot.tg:43114_3atVJH3r5c4GqiSYmg9fECvjc47o,5161.6900000000005
intents.tg,nep245:v2_1.omni.hot.tg:56_11111111111111111111,41926886879359480
intents.tg,nep245:v2_1.omni.hot.tg:56_12zbnsg6xndDVj25QyL82YMPudb,5248060000000000000
intents.tg,nep245:v2_1.omni.hot.tg:56_24S22V8GMmQN8t6PbCdRb3mBewAd,4546371554975000000
intents.tg,nep245:v2_1.omni.hot.tg:56_2CMMyVTGZkeyNZTSvS5sarzfir6g,68890414187600000000
intents.tg,nep245:v2_1.omni.hot.tg:56_2w93GqMcEmQFDru84j3HZZWt557r,1256270029250000100
intents.tg,nep245:v2_1.omni.hot.tg:56_SZzgw3HSudhZcTwPWUTi2RJB19t,476577123227337900
iqlusion,nep141:eth.omft.near,5000000000000
kyberswap,nep141:17208628f84f5d6ad33f0da3bbbeb27ffcb398eac501a31bd6ad2011e36133a1,1877600520.814502
kyberswap,nep141:arb-0x912ce59144191c1204e64559fe8253a0e49e6548.omft.near,2007939957424405000
kyberswap,nep141:arb-0xaf88d065e77c8cc2239327c5edb3a432268e5831.omft.near,1127836998.2585
kyberswap,nep141:arb-0xfd086bc7cd5c481dcc9c85ebe478a1c0b69fcbb9.omft.near,407688609.7320002
kyberswap,nep141:arb.omft.near,36694282573433780
kyberswap,nep141:base-0x833589fcd6edb6e08f4c7c32d4f71b54bda02913.omft.near,1369612342.0720007
kyberswap,nep141:base-0xcbb7c0000ab88b473b1f5afd9ef808440eed33bf.omft.near,9767.0455
kyberswap,nep141:base.omft.near,107995164638092720
kyberswap,nep141:bera.omft.near,6527830916731715000
kyberswap,nep141:btc.omft.near,7684420.06
kyberswap,nep141:eth-0x1f9840a85d5af5bf1d1762f925bdaddc4201f984.omft.near,7701157846389643
kyberswap,nep141:eth-0x514910771af9ca656af840dff83e8264ecf986ca.omft.near,1967149577430350
kyberswap,nep141:eth-0x6b175474e89094c44da98b954eedeac495271d0f.omft.near,60610000000000000000
kyberswap,nep141:eth-0xa0b86991c6218b36c1d19d4a2e9eb0ce3606eb48.omft.near,651845627.3949999
kyberswap,nep141:eth-0xcbb7c0000ab88b473b1f5afd9ef808440eed33bf.omft.near,55911.75400000001
kyberswap,nep141:eth-0xdac17f958d2ee523a2206206994597c13d831ec7.omft.near,1259584956.6364996
kyberswap,nep141:eth-0xdefa4e8a7bcba345f687a2f1456f5edd9ce97202.omft.near,3169922580462399500
kyberswap,nep141:eth.bridge.near,10465817378088624
kyberswap,nep141:eth.omft.near,2125679170525052000
kyberswap,nep141:mpdao-token.near,240567.1525
kyberswap,nep141:nbtc.bridge.near,12.330000000000002
kyberswap,nep141:sol-1f00bb36e75cfc8e1274c1507cc3054f5b3f3ce1.omft.near,554920000
kyberswap,nep141:sol-5ce3bf3a31af18be40ba30f721101b4341690186.omft.near,19285377435.852478
kyberswap,nep141:sol-c800a4bd850783ccb82c2b2c7e84175443606352.omft.near,6913328871.051497
kyberswap,nep141:sol.omft.near,1004935395.1435
kyberswap,nep141:token.publicailab.near,52350000000000000
kyberswap,nep141:token.rhealab.near,8801575000000000000
kyberswap,nep141:token.sweat,5498000000000000000
kyberswap,nep141:usdt.tether-token.near,212751264.5865
kyberswap,nep141:wrap.near,1.994444243070263e+25
kyberswap,nep245:v2_1.omni.hot.tg:137_3hpYoaLtt8MP1Z2GH1U473DMRKgr,56004067.631
kyberswap,nep245:v2_1.omni.hot.tg:137_qiStmoQJDQPTebaPjgx5VBxZv6L,83012647.467
kyberswap,nep245:v2_1.omni.hot.tg:56_12zbnsg6xndDVj25QyL82YMPudb,16029433486924030000
kyberswap,nep245:v2_1.omni.hot.tg:56_2CMMyVTGZkeyNZTSvS5sarzfir6g,813539468579695500000
kyberswap,nep245:v2_1.omni.hot.tg:56_2w93GqMcEmQFDru84j3HZZWt557r,273747382469378900000
miquel,nep141:jambo-1679.meme-cooking.near,0
miquel,nep141:usdt.tether-token.near,0
miquel,nep141:wrap.near,0
miquelswap,nep141:17208628f84f5d6ad33f0da3bbbeb27ffcb398eac501a31bd6ad2011e36133a1,0
miquelswap,nep141:wrap.near,0
mosaic-vint.near,nep141:17208628f84f5d6ad33f0da3bbbeb27ffcb398eac501a31bd6ad2011e36133a1,3860.42
mosaic-vint.near,nep141:eth.bridge.near,12020890046193.88
mosaic-vint.near,nep141:usdt.tether-token.near,13809.619999999999
mosaic-vint.near,nep141:wrap.near,2.1965077409485264e+22
near-intents.intents-referral.near,nep141:17208628f84f5d6ad33f0da3bbbeb27ffcb398eac501a31bd6ad2011e36133a1,1621382229.217999
near-intents.intents-referral.near,nep141:a35923162c49cf95e6bf26623385eb431ad920d3.factory.bridge.near,1016309439457000000
near-intents.intents-referral.near,nep141:aaaaaa20d9e0e2461697782ef11675f668207961.factory.bridge.near,3.412606432351374e+21
near-intents.intents-referral.near,nep141:abg-966.meme-cooking.near,491976738210161700
near-intents.intents-referral.near,nep141:aptos-88cb7619440a914fe6400149a12b443c3ac21d59.omft.near,254885.97
near-intents.intents-referral.near,nep141:aptos.omft.near,1318618393.774
near-intents.intents-referral.near,nep141:arb-0x912ce59144191c1204e64559fe8253a0e49e6548.omft.near,363417913809651650
near-intents.intents-referral.near,nep141:arb-0xaf88d065e77c8cc2239327c5edb3a432268e5831.omft.near,10112316978.482004
near-intents.intents-referral.near,nep141:arb-0xfd086bc7cd5c481dcc9c85ebe478a1c0b69fcbb9.omft.near,1658823300.9859996
near-intents.intents-referral.near,nep141:arb.omft.near,399385986832273100
near-intents.intents-referral.near,nep141:base-0x833589fcd6edb6e08f4c7c32d4f71b54bda02913.omft.near,1700792096.5779998
near-intents.intents-referral.near,nep141:base-0x98d0baa52b2d063e780de12f615f963fe8537553.omft.near,12480458236048249000
near-intents.intents-referral.near,nep141:base-0xcbb7c0000ab88b473b1f5afd9ef808440eed33bf.omft.near,32.278
near-intents.intents-referral.near,nep141:base.omft.near,46739952260230296
near-intents.intents-referral.near,nep141:bera.omft.near,7660430341825858000
near-intents.intents-referral.near,nep141:btc.omft.near,67932143.05800006
near-intents.intents-referral.near,nep141:cardano.omft.near,105330297.42199999
near-intents.intents-referral.near,nep141:doge.omft.near,126212257757.47203
near-intents.intents-referral.near,nep141:eth-0x1f9840a85d5af5bf1d1762f925bdaddc4201f984.omft.near,324503572495874100
near-intents.intents-referral.near,nep141:eth-0x2260fac5e5542a773aa44fbcfedf7c193bc2c599.omft.near,1002.702
near-intents.intents-referral.near,nep141:eth-0x514910771af9ca656af840dff83e8264ecf986ca.omft.near,13111829134935262
near-intents.intents-referral.near,nep141:eth-0x6b175474e89094c44da98b954eedeac495271d0f.omft.near,4.403398343042285e+21
near-intents.intents-referral.near,nep141:eth-0xa0b86991c6218b36c1d19d4a2e9eb0ce3606eb48.omft.near,21550078265.233994
near-intents.intents-referral.near,nep141:eth-0xa35923162c49cf95e6bf26623385eb431ad920d3.omft.near,18510681117553160
near-intents.intents-referral.near,nep141:eth-0xaaaaaa20d9e0e2461697782ef11675f668207961.omft.near,383584292695090100000
near-intents.intents-referral.near,nep141:eth-0xcbb7c0000ab88b473b1f5afd9ef808440eed33bf.omft.near,1628.5140000000001
near-intents.intents-referral.near,nep141:eth-0xdac17f958d2ee523a2206206994597c13d831ec7.omft.near,14238678404.147999
near-intents.intents-referral.near,nep141:eth-0xdefa4e8a7bcba345f687a2f1456f5edd9ce97202.omft.near,375217337644265340
near-intents.intents-referral.near,nep141:eth-0xfa2b947eec368f42195f24f36d2af29f7c24cec2.omft.near,18250410601012617000
near-intents.intents-referral.near,nep141:eth.bridge.near,14735865937404046
near-intents.intents-referral.near,nep141:eth.omft.near,2812221479190902300
near-intents.intents-referral.near,nep141:gnosis-0x2a22f9c3b484c3629090feed35f17ff8f88f76f0.omft.near,1424188.064
near-intents.intents-referral.near,nep141:gnosis-0x420ca0f9b9b604ce0fd9c18ef134c705e5fa3430.omft.near,204827690754580540
near-intents.intents-referral.near,nep141:gnosis-0x6a023ccd1ff6f2045c3309768ead9e68f978f6e1.omft.near,9219122173876906
near-intents.intents-referral.near,nep141:gnosis-0x9c58bacc331c9aa871afd802db6379a98e80cedb.omft.near,50079997626580720
near-intents.intents-referral.near,nep141:jambo-1679.meme-cooking.near,2.6730690949141137e+22
near-intents.intents-referral.near,nep141:kat.token0.near,3.3000000475161654e+22
near-intents.intents-referral.near,nep141:mpdao-token.near,50000
near-intents.intents-referral.near,nep141:nbtc.bridge.near,171835.12399999998
near-intents.intents-referral.near,nep141:sol-1f00bb36e75cfc8e1274c1507cc3054f5b3f3ce1.omft.near,6384644146.62
near-intents.intents-referral.near,nep141:sol-5ce3bf3a31af18be40ba30f721101b4341690186.omft.near,2595669408.771998
near-intents.intents-referral.near,nep141:sol-b9c68f94ec8fd160137af8cdfe5e61cd68e2afba.omft.near,153.002
near-intents.intents-referral.near,nep141:sol-bb27241c87aa401cc963c360c175dd7ca7035873.omft.near,12163452.682
near-intents.intents-referral.near,nep141:sol-c58e6539c2f2e097c251f8edf11f9c03e581f8d4.omft.near,20974.532
near-intents.intents-referral.near,nep141:sol-c800a4bd850783ccb82c2b2c7e84175443606352.omft.near,2865583641.0000005
near-intents.intents-referral.near,nep141:sol.omft.near,64171033884.07199
near-intents.intents-referral.near,nep141:sui-c1b81ecaf27933252d31a963bc5e9458f13c18ce.omft.near,490542815.4599999
near-intents.intents-referral.near,nep141:sui.omft.near,68194134447.897995
near-intents.intents-referral.near,nep141:token.0xshitzu.near,50215357089224850000
near-intents.intents-referral.near,nep141:token.publicailab.near,793000733703097100
near-intents.intents-referral.near,nep141:token.rhealab.near,316589985921670200000
near-intents.intents-referral.near,nep141:token.sweat,1.95199339831e+21
near-intents.intents-referral.near,nep141:tron-d28a265909efecdcee7c5028585214ea0b96f015.omft.near,4681568497.988001
near-intents.intents-referral.near,nep141:tron.omft.near,462382612.43999994
near-intents.intents-referral.near,nep141:usdt.tether-token.near,607542701.9559999
near-intents.intents-referral.near,nep141:wrap.near,3.034545861273575e+27
near-intents.intents-referral.near,nep141:xrp.omft.near,1876206863.1039999
near-intents.intents-referral.near,nep141:zec.omft.near,26436488023.957996
near-intents.intents-referral.near,nep245:v2_1.omni.hot.tg:10_11111111111111111111,5789636809272900
near-intents.intents-referral.near,nep245:v2_1.omni.hot.tg:10_359RPSJVdTxwTJT9TyGssr2rFoWo,291157.016
near-intents.intents-referral.near,nep245:v2_1.omni.hot.tg:10_A2ewyUyDp6qsue1jqZsGypkCxRJ,2319433.224
near-intents.intents-referral.near,nep245:v2_1.omni.hot.tg:10_vLAiSt9KfUGKpw5cD3vsSyNYBo7,19658771066750736
near-intents.intents-referral.near,nep245:v2_1.omni.hot.tg:1100_111bzQBB5v7AhLyPMDwS8uJgQV24KaAPXtwyVWu2KXbbfQU6NXRCz,228936913.682
near-intents.intents-referral.near,nep245:v2_1.omni.hot.tg:1100_111bzQBB65GxAPAVoxqmMcgYo5oS3txhqs1Uh1cgahKQUeTUq1TJu,1560701092.654
near-intents.intents-referral.near,nep245:v2_1.omni.hot.tg:1117_,71102586349.53201
near-intents.intents-referral.near,nep245:v2_1.omni.hot.tg:1117_3tsdfyziyc7EJbP2aULWSKU4toBaAcN4FdTgfm5W1mC4ouR,33695445.044
near-intents.intents-referral.near,nep245:v2_1.omni.hot.tg:137_11111111111111111111,241125515819317040000
near-intents.intents-referral.near,nep245:v2_1.omni.hot.tg:137_3hpYoaLtt8MP1Z2GH1U473DMRKgr,11780222.968000002
near-intents.intents-referral.near,nep245:v2_1.omni.hot.tg:137_qiStmoQJDQPTebaPjgx5VBxZv6L,339317841.278
near-intents.intents-referral.near,nep245:v2_1.omni.hot.tg:43114_11111111111111111111,3410468550557332500
near-intents.intents-referral.near,nep245:v2_1.omni.hot.tg:43114_372BeH7ENZieCaabwkbWkBiTTgXp,2003017.512
near-intents.intents-referral.near,nep245:v2_1.omni.hot.tg:43114_3atVJH3r5c4GqiSYmg9fECvjc47o,359792743.28599995
near-intents.intents-referral.near,nep245:v2_1.omni.hot.tg:56_11111111111111111111,1000439359121073800
near-intents.intents-referral.near,nep245:v2_1.omni.hot.tg:56_12zbnsg6xndDVj25QyL82YMPudb,35839438725946028
near-intents.intents-referral.near,nep245:v2_1.omni.hot.tg:56_24S22V8GMmQN8t6PbCdRb3mBewAd,97825599076990600
near-intents.intents-referral.near,nep245:v2_1.omni.hot.tg:56_2CMMyVTGZkeyNZTSvS5sarzfir6g,602093202829936400000
near-intents.intents-referral.near,nep245:v2_1.omni.hot.tg:56_2w93GqMcEmQFDru84j3HZZWt557r,89988690557502360000
near-intents.intents-referral.near,nep245:v2_1.omni.hot.tg:56_SZzgw3HSudhZcTwPWUTi2RJB19t,2000000000000000
rango,nep141:btc.omft.near,4790.55
rango,nep141:xrp.omft.near,3000
referral,nep141:17208628f84f5d6ad33f0da3bbbeb27ffcb398eac501a31bd6ad2011e36133a1,242541.2
referral,nep141:arb-0xaf88d065e77c8cc2239327c5edb3a432268e5831.omft.near,60494.020000000004
referral,nep141:base-0x833589fcd6edb6e08f4c7c32d4f71b54bda02913.omft.near,45145610.60000001
referral,nep141:btc.omft.near,153783.378
referral,nep141:d9c2d319cd7e6177336b0a9c93c21cb48d84fb54.factory.bridge.near,31452031157705444
referral,nep141:eth-0xa0b86991c6218b36c1d19d4a2e9eb0ce3606eb48.omft.near,82744445.601
referral,nep141:eth-0xdac17f958d2ee523a2206206994597c13d831ec7.omft.near,36538849.269
referral,nep141:eth.omft.near,357244154294182200
referral,nep141:gnosis-0x2a22f9c3b484c3629090feed35f17ff8f88f76f0.omft.near,26740
referral,nep141:jambo-1679.meme-cooking.near,6339715061545501000
referral,nep141:sol-c800a4bd850783ccb82c2b2c7e84175443606352.omft.near,356365.81
referral,nep141:sol.omft.near,840450050
referral,nep141:sui.omft.near,61025650
referral,nep141:usdt.tether-token.near,20
referral,nep141:wrap.near,1.0010799166745458e+26
referral,nep141:zec.omft.near,449.99999999999994
referral,nep245:v2_1.omni.hot.tg:1100_111bzQBB5v7AhLyPMDwS8uJgQV24KaAPXtwyVWu2KXbbfQU6NXRCz,491219.04000000004
referral,nep245:v2_1.omni.hot.tg:1117_,570181.74
referral,nep245:v2_1.omni.hot.tg:43114_11111111111111111111,1728000000000000
referral,nep245:v2_1.omni.hot.tg:56_11111111111111111111,1260000000000000
referral,nep245:v2_1.omni.hot.tg:56_2w93GqMcEmQFDru84j3HZZWt557r,85500000000000000
reffer.near,nep141:17208628f84f5d6ad33f0da3bbbeb27ffcb398eac501a31bd6ad2011e36133a1,0
rubic,nep141:arb.omft.near,6000000000000
solswap.intents-referral.near,nep141:aptos-88cb7619440a914fe6400149a12b443c3ac21d59.omft.near,222252.20400000003
solswap.intents-referral.near,nep141:arb-0xaf88d065e77c8cc2239327c5edb3a432268e5831.omft.near,830279607.1699998
solswap.intents-referral.near,nep141:arb-0xfd086bc7cd5c481dcc9c85ebe478a1c0b69fcbb9.omft.near,93235932.294
solswap.intents-referral.near,nep141:arb.omft.near,1250937566199687.8
solswap.intents-referral.near,nep141:base-0x833589fcd6edb6e08f4c7c32d4f71b54bda02913.omft.near,37043475.312
solswap.intents-referral.near,nep141:base.omft.near,35557013631066.734
solswap.intents-referral.near,nep141:btc.omft.near,1212089.3540000003
solswap.intents-referral.near,nep141:doge.omft.near,3330798153.916
solswap.intents-referral.near,nep141:eth-0xa0b86991c6218b36c1d19d4a2e9eb0ce3606eb48.omft.near,13014355768.517998
solswap.intents-referral.near,nep141:eth-0xdac17f958d2ee523a2206206994597c13d831ec7.omft.near,2013350269.4820006
solswap.intents-referral.near,nep141:eth.omft.near,271202630786793150
solswap.intents-referral.near,nep141:sol-5ce3bf3a31af18be40ba30f721101b4341690186.omft.near,17390655099.796013
solswap.intents-referral.near,nep141:sol-c800a4bd850783ccb82c2b2c7e84175443606352.omft.near,10081085650.651999
solswap.intents-referral.near,nep141:sol.omft.near,60917507914.06006
solswap.intents-referral.near,nep141:sui-c1b81ecaf27933252d31a963bc5e9458f13c18ce.omft.near,1462624.76
solswap.intents-referral.near,nep141:sui.omft.near,34186106603.804
solswap.intents-referral.near,nep141:token.rhealab.near,3796107468436427000
solswap.intents-referral.near,nep141:tron-d28a265909efecdcee7c5028585214ea0b96f015.omft.near,8000000
solswap.intents-referral.near,nep141:tron.omft.near,2112488.69
solswap.intents-referral.near,nep141:wrap.near,8.878281240342442e+25
solswap.intents-referral.near,nep141:zec.omft.near,17154552306.294003
solswap.intents-referral.near,nep245:v2_1.omni.hot.tg:10_11111111111111111111,141384513501735.34
solswap.intents-referral.near,nep245:v2_1.omni.hot.tg:10_vLAiSt9KfUGKpw5cD3vsSyNYBo7,2380535404285558300
solswap.intents-referral.near,nep245:v2_1.omni.hot.tg:137_11111111111111111111,1129748414498080400
solswap.intents-referral.near,nep245:v2_1.omni.hot.tg:137_3hpYoaLtt8MP1Z2GH1U473DMRKgr,220000
solswap.intents-referral.near,nep245:v2_1.omni.hot.tg:43114_11111111111111111111,12620718825113002000
solswap.intents-referral.near,nep245:v2_1.omni.hot.tg:43114_372BeH7ENZieCaabwkbWkBiTTgXp,20109101.988
solswap.intents-referral.near,nep245:v2_1.omni.hot.tg:43114_3atVJH3r5c4GqiSYmg9fECvjc47o,51546042.708000004
solswap.intents-referral.near,nep245:v2_1.omni.hot.tg:56_11111111111111111111,14678474940782294
solswap.intents-referral.near,nep245:v2_1.omni.hot.tg:56_2CMMyVTGZkeyNZTSvS5sarzfir6g,348134000604489200000
solswap.intents-referral.near,nep245:v2_1.omni.hot.tg:56_2w93GqMcEmQFDru84j3HZZWt557r,2263259971948671000
stableflow,nep141:aptos-88cb7619440a914fe6400149a12b443c3ac21d59.omft.near,0
stableflow,nep141:arb-0xfd086bc7cd5c481dcc9c85ebe478a1c0b69fcbb9.omft.near,0
stableflow,nep141:eth-0xdac17f958d2ee523a2206206994597c13d831ec7.omft.near,0
stableflow,nep141:gnosis-0x4ecaba5870353805a9f068101a40e0f32ed605c6.omft.near,0
stableflow,nep141:sol-c800a4bd850783ccb82c2b2c7e84175443606352.omft.near,0
stableflow,nep141:tron-d28a265909efecdcee7c5028585214ea0b96f015.omft.near,0
stableflow,nep141:usdt.tether-token.near,0
stableflow,nep245:v2_1.omni.hot.tg:10_359RPSJVdTxwTJT9TyGssr2rFoWo,0
stableflow,nep245:v2_1.omni.hot.tg:137_3hpYoaLtt8MP1Z2GH1U473DMRKgr,0
stableflow,nep245:v2_1.omni.hot.tg:43114_372BeH7ENZieCaabwkbWkBiTTgXp,0
stableflow,nep245:v2_1.omni.hot.tg:56_2CMMyVTGZkeyNZTSvS5sarzfir6g,0
surge-swap,nep141:17208628f84f5d6ad33f0da3bbbeb27ffcb398eac501a31bd6ad2011e36133a1,18918182.16
surge-swap,nep141:arb-0xaf88d065e77c8cc2239327c5edb3a432268e5831.omft.near,577808
surge-swap,nep141:arb-0xfd086bc7cd5c481dcc9c85ebe478a1c0b69fcbb9.omft.near,2001000
surge-swap,nep141:arb.omft.near,40000000000
surge-swap,nep141:base-0x833589fcd6edb6e08f4c7c32d4f71b54bda02913.omft.near,2728483.0570000005
surge-swap,nep141:base-0x98d0baa52b2d063e780de12f615f963fe8537553.omft.near,7448500000000000
surge-swap,nep141:base.omft.near,2995000000000
surge-swap,nep141:blackdragon.tkn.near,4.0000000000000003e+23
surge-swap,nep141:eth-0xa0b86991c6218b36c1d19d4a2e9eb0ce3606eb48.omft.near,2150000
surge-swap,nep141:eth-0xdac17f958d2ee523a2206206994597c13d831ec7.omft.near,20001000
surge-swap,nep141:eth.omft.near,1210070000000000
surge-swap,nep141:jambo-1679.meme-cooking.near,100000000000000000000
surge-swap,nep141:sol-1f00bb36e75cfc8e1274c1507cc3054f5b3f3ce1.omft.near,1411310000
surge-swap,nep141:sol-5ce3bf3a31af18be40ba30f721101b4341690186.omft.near,2472368.485
surge-swap,nep141:sol-c800a4bd850783ccb82c2b2c7e84175443606352.omft.near,2500000
surge-swap,nep141:sol.omft.near,13505702
surge-swap,nep141:sui-c1b81ecaf27933252d31a963bc5e9458f13c18ce.omft.near,5609667.468
surge-swap,nep141:sui.omft.near,29179000
surge-swap,nep141:token.rhealab.near,166134700000000000
surge-swap,nep141:usdt.tether-token.near,13612918.5
surge-swap,nep141:wrap.near,4.992069924999999e+24
surge-swap,nep245:v2_1.omni.hot.tg:137_3hpYoaLtt8MP1Z2GH1U473DMRKgr,2000
surge-swap,nep245:v2_1.omni.hot.tg:137_qiStmoQJDQPTebaPjgx5VBxZv6L,490800
surge-swap,nep245:v2_1.omni.hot.tg:56_11111111111111111111,1545100000000000
surge-swap,nep245:v2_1.omni.hot.tg:56_2CMMyVTGZkeyNZTSvS5sarzfir6g,10000000000000000000
swapkit,nep141:17208628f84f5d6ad33f0da3bbbeb27ffcb398eac501a31bd6ad2011e36133a1,44052.068499999994
swapkit,nep141:aaaaaa20d9e0e2461697782ef11675f668207961.factory.bridge.near,56651192097173180
swapkit,nep141:arb-0x912ce59144191c1204e64559fe8253a0e49e6548.omft.near,90709810044393110000
swapkit,nep141:arb-0xaf88d065e77c8cc2239327c5edb3a432268e5831.omft.near,1730235393.3535004
swapkit,nep141:arb-0xfd086bc7cd5c481dcc9c85ebe478a1c0b69fcbb9.omft.near,964825029.3580002
swapkit,nep141:arb.omft.near,1436570984257907500
swapkit,nep141:base-0x833589fcd6edb6e08f4c7c32d4f71b54bda02913.omft.near,866150053.753
swapkit,nep141:base-0xcbb7c0000ab88b473b1f5afd9ef808440eed33bf.omft.near,17752.658000000003
swapkit,nep141:base.omft.near,5560995573724108000
swapkit,nep141:bera.omft.near,26895000000000000
swapkit,nep141:btc.omft.near,1326391061.5712888
swapkit,nep141:doge.omft.near,30550359158604.074
swapkit,nep141:eth-0x1f9840a85d5af5bf1d1762f925bdaddc4201f984.omft.near,86245500000000000
swapkit,nep141:eth-0x2260fac5e5542a773aa44fbcfedf7c193bc2c599.omft.near,1731751.8794999998
swapkit,nep141:eth-0x6b175474e89094c44da98b954eedeac495271d0f.omft.near,1.0279988415827355e+22
swapkit,nep141:eth-0x8d0d000ee44948fc98c9b98a4fa4921476f08b0d.omft.near,39650000000000000
swapkit,nep141:eth-0xa0b86991c6218b36c1d19d4a2e9eb0ce3606eb48.omft.near,62994502480.17088
swapkit,nep141:eth-0xa35923162c49cf95e6bf26623385eb431ad920d3.omft.near,1.5612842305599748e+22
swapkit,nep141:eth-0xcbb7c0000ab88b473b1f5afd9ef808440eed33bf.omft.near,82681.6915
swapkit,nep141:eth-0xdac17f958d2ee523a2206206994597c13d831ec7.omft.near,107885128502.22252
swapkit,nep141:eth-0xdefa4e8a7bcba345f687a2f1456f5edd9ce97202.omft.near,60112219000000000000
swapkit,nep141:eth.bridge.near,1898859639308.6143
swapkit,nep141:eth.omft.near,166417033534374870000
swapkit,nep141:gnosis-0x2a22f9c3b484c3629090feed35f17ff8f88f76f0.omft.near,27915
swapkit,nep141:gnosis-0x9c58bacc331c9aa871afd802db6379a98e80cedb.omft.near,481718691942793.06
swapkit,nep141:gnosis.omft.near,60015000000000000
swapkit,nep141:sol-5ce3bf3a31af18be40ba30f721101b4341690186.omft.near,5788480745.886003
swapkit,nep141:sol-b9c68f94ec8fd160137af8cdfe5e61cd68e2afba.omft.near,20079955.708
swapkit,nep141:sol-c58e6539c2f2e097c251f8edf11f9c03e581f8d4.omft.near,3458033.111
swapkit,nep141:sol-c800a4bd850783ccb82c2b2c7e84175443606352.omft.near,2768043316.568
swapkit,nep141:sol.omft.near,1781139096461.0686
swapkit,nep141:sui-c1b81ecaf27933252d31a963bc5e9458f13c18ce.omft.near,26950000
swapkit,nep141:sui.omft.near,22000000
swapkit,nep141:token.publicailab.near,70883080044323064
swapkit,nep141:token.rhealab.near,150000000000000000
swapkit,nep141:token.sweat,8071924379657831000
swapkit,nep141:tron-d28a265909efecdcee7c5028585214ea0b96f015.omft.near,125222460325.88065
swapkit,nep141:tron.omft.near,129925418624.08098
swapkit,nep141:usdt.tether-token.near,68665.7145
swapkit,nep141:wrap.near,1.140003958688388e+25
swapkit,nep141:xrp.omft.near,140837506618.08752
swapkit,nep141:zec.omft.near,21875974144.216003
swapkit,nep245:v2_1.omni.hot.tg:10_11111111111111111111,128401213087424320
swapkit,nep245:v2_1.omni.hot.tg:10_359RPSJVdTxwTJT9TyGssr2rFoWo,273000
swapkit,nep245:v2_1.omni.hot.tg:10_A2ewyUyDp6qsue1jqZsGypkCxRJ,12619765.633499999
swapkit,nep245:v2_1.omni.hot.tg:10_vLAiSt9KfUGKpw5cD3vsSyNYBo7,5448504100000000000
swapkit,nep245:v2_1.omni.hot.tg:137_11111111111111111111,8.950476166390368e+21
swapkit,nep245:v2_1.omni.hot.tg:137_3hpYoaLtt8MP1Z2GH1U473DMRKgr,15721.09
swapkit,nep245:v2_1.omni.hot.tg:137_qiStmoQJDQPTebaPjgx5VBxZv6L,57897719.507
swapkit,nep245:v2_1.omni.hot.tg:43114_11111111111111111111,486709510522211200000
swapkit,nep245:v2_1.omni.hot.tg:43114_372BeH7ENZieCaabwkbWkBiTTgXp,117950185.867
swapkit,nep245:v2_1.omni.hot.tg:43114_3atVJH3r5c4GqiSYmg9fECvjc47o,39417340.21000001
swapkit,nep245:v2_1.omni.hot.tg:56_11111111111111111111,170064750762408000000
swapkit,nep245:v2_1.omni.hot.tg:56_28V9BijGeZDBFEEtkAcnJo4tPRH4,24878330573250000000
swapkit,nep245:v2_1.omni.hot.tg:56_2CMMyVTGZkeyNZTSvS5sarzfir6g,1.4004166545245555e+22
swapkit,nep245:v2_1.omni.hot.tg:56_2w93GqMcEmQFDru84j3HZZWt557r,1.0012340450512672e+21
swapkit-isdex,nep141:eth.omft.near,91051129110434.94
swapkit-isdex,nep141:xrp.omft.near,105000
swapkit-myrandomname,nep141:eth.omft.near,5500000000000
swapkit-myrandomname,nep141:wrap.near,6.6e+21
swapkit-swapkit,nep141:base-0x833589fcd6edb6e08f4c7c32d4f71b54bda02913.omft.near,22500
swapkit-swapkit,nep141:btc.omft.near,885
swapkit-swapkit,nep141:doge.omft.near,37639238.043
swapkit-swapkit,nep141:eth-0xdac17f958d2ee523a2206206994597c13d831ec7.omft.near,85169.043
swapkit-swapkit,nep141:eth.omft.near,42500000000000
swapkit-swapkit,nep141:tron-d28a265909efecdcee7c5028585214ea0b96f015.omft.near,10402.7715
swapkit-swapkit,nep141:tron.omft.near,188081.124
swapkit-swapkit,nep141:xrp.omft.near,75000
swapkit-swapkit,nep245:v2_1.omni.hot.tg:10_11111111111111111111,14982000000000
swapkit-thorswap,nep141:arb-0x912ce59144191c1204e64559fe8253a0e49e6548.omft.near,50000000000000000
swapkit-thorswap,nep141:arb-0xaf88d065e77c8cc2239327c5edb3a432268e5831.omft.near,296325381.1510001
swapkit-thorswap,nep141:arb-0xfd086bc7cd5c481dcc9c85ebe478a1c0b69fcbb9.omft.near,1447415.6435000002
swapkit-thorswap,nep141:arb.omft.near,132033930922375730
swapkit-thorswap,nep141:base-0x833589fcd6edb6e08f4c7c32d4f71b54bda02913.omft.near,319171294.21299994
swapkit-thorswap,nep141:base.omft.near,54600820425999900
swapkit-thorswap,nep141:btc.omft.near,95064142.69549999
swapkit-thorswap,nep141:doge.omft.near,1544327862048.337
swapkit-thorswap,nep141:eth-0x514910771af9ca656af840dff83e8264ecf986ca.omft.near,165926971528075140
swapkit-thorswap,nep141:eth-0x6b175474e89094c44da98b954eedeac495271d0f.omft.near,481942517779851800000
swapkit-thorswap,nep141:eth-0x8d0d000ee44948fc98c9b98a4fa4921476f08b0d.omft.near,23500000000000000
swapkit-thorswap,nep141:eth-0xa0b86991c6218b36c1d19d4a2e9eb0ce3606eb48.omft.near,3113216800.6229997
swapkit-thorswap,nep141:eth-0xdac17f958d2ee523a2206206994597c13d831ec7.omft.near,9059368479.2995
swapkit-thorswap,nep141:eth.omft.near,12013850548776337000
swapkit-thorswap,nep141:sol-5ce3bf3a31af18be40ba30f721101b4341690186.omft.near,3920923802.5910006
swapkit-thorswap,nep141:sol-c800a4bd850783ccb82c2b2c7e84175443606352.omft.near,3395444.291
swapkit-thorswap,nep141:sol.omft.near,13742743913.561499
swapkit-thorswap,nep141:tron-d28a265909efecdcee7c5028585214ea0b96f015.omft.near,420129593.286
swapkit-thorswap,nep141:tron.omft.near,95976883.71249999
swapkit-thorswap,nep141:xrp.omft.near,5157864483.778998
swapkit-thorswap,nep245:v2_1.omni.hot.tg:43114_11111111111111111111,559639055040072450
swapkit-thorswap,nep245:v2_1.omni.hot.tg:43114_3atVJH3r5c4GqiSYmg9fECvjc47o,15014343.427000001
swapkit-thorswap,nep245:v2_1.omni.hot.tg:56_11111111111111111111,47569883325131496
swapkit-thorswap,nep245:v2_1.omni.hot.tg:56_2CMMyVTGZkeyNZTSvS5sarzfir6g,497412449812135100000
swapkit-trustswapkit,nep141:btc.omft.near,3922.2960000000003
swapkit-trustswapkit,nep141:doge.omft.near,1337046830.9520001
swapkit-trustswapkit,nep141:eth.omft.near,10276323665342634
swapkit-trustswapkit,nep141:xrp.omft.near,5092641.330000001
swapkit-trustswapkit,nep245:v2_1.omni.hot.tg:43114_11111111111111111111,3500000000000000
swapkit-trustswapkit,nep245:v2_1.omni.hot.tg:56_11111111111111111111,60365981718579620
trumpswap.intents-referral.near,nep141:eth-0xa0b86991c6218b36c1d19d4a2e9eb0ce3606eb48.omft.near,201284226.764
trumpswap.intents-referral.near,nep141:eth.omft.near,33649384216657030
trumpswap.intents-referral.near,nep141:sol.omft.near,565196020
trumpswap.intents-referral.near,nep141:wrap.near,8.062761773062678e+24
trumpswap.intents-referral.near,nep245:v2_1.omni.hot.tg:10_11111111111111111111,162541492973726.06
trumpswap.intents-referral.near,nep245:v2_1.omni.hot.tg:137_11111111111111111111,299258405175275000
trumpswap.intents-referral.near,nep245:v2_1.omni.hot.tg:56_11111111111111111111,14091119282040.156
turboswap.intents-referral.near,nep141:17208628f84f5d6ad33f0da3bbbeb27ffcb398eac501a31bd6ad2011e36133a1,920000
turboswap.intents-referral.near,nep141:aaaaaa20d9e0e2461697782ef11675f668207961.factory.bridge.near,18573068012445800000
turboswap.intents-referral.near,nep141:arb-0xfd086bc7cd5c481dcc9c85ebe478a1c0b69fcbb9.omft.near,11725.368
turboswap.intents-referral.near,nep141:arb.omft.near,1600000000000
turboswap.intents-referral.near,nep141:base-0x833589fcd6edb6e08f4c7c32d4f71b54bda02913.omft.near,96038.544
turboswap.intents-referral.near,nep141:base.omft.near,401880000000
turboswap.intents-referral.near,nep141:eth-0xa0b86991c6218b36c1d19d4a2e9eb0ce3606eb48.omft.near,593146.864
turboswap.intents-referral.near,nep141:eth-0xa35923162c49cf95e6bf26623385eb431ad920d3.omft.near,12503565293903278000
turboswap.intents-referral.near,nep141:eth-0xdac17f958d2ee523a2206206994597c13d831ec7.omft.near,11611920
turboswap.intents-referral.near,nep141:eth.bridge.near,4395227100000
turboswap.intents-referral.near,nep141:kat.token0.near,256364296434751930000
turboswap.intents-referral.near,nep141:sol-5ce3bf3a31af18be40ba30f721101b4341690186.omft.near,19220000
turboswap.intents-referral.near,nep141:sol-bb27241c87aa401cc963c360c175dd7ca7035873.omft.near,41125336.82
turboswap.intents-referral.near,nep141:sol.omft.near,39733.006
turboswap.intents-referral.near,nep141:sui.omft.near,9415375492.27
turboswap.intents-referral.near,nep141:token.sweat,833502100770986800
turboswap.intents-referral.near,nep141:wrap.near,1.6839610817722875e+23
turboswap.intents-referral.near,nep245:v2_1.omni.hot.tg:137_11111111111111111111,23680000000000000
turboswap.intents-referral.near,nep245:v2_1.omni.hot.tg:56_2CMMyVTGZkeyNZTSvS5sarzfir6g,10000000000000000
unity_wallet,nep141:17208628f84f5d6ad33f0da3bbbeb27ffcb398eac501a31bd6ad2011e36133a1,30007.13
unity_wallet,nep141:arb.omft.near,22585640000000
unity_wallet,nep141:base.omft.near,194141590000000
unity_wallet,nep141:bsc-0x55d398326f99059ff775485246999027b3197955.omft.near,30997563760000000
unity_wallet,nep141:btc.omft.near,3066484.7699999996
unity_wallet,nep141:doge.omft.near,6781083469.82
unity_wallet,nep141:eth-0x1f9840a85d5af5bf1d1762f925bdaddc4201f984.omft.near,63995600000000000
unity_wallet,nep141:eth-0xa0b86991c6218b36c1d19d4a2e9eb0ce3606eb48.omft.near,287421368.63
unity_wallet,nep141:eth-0xdac17f958d2ee523a2206206994597c13d831ec7.omft.near,1051114070.4900001
unity_wallet,nep141:eth.omft.near,243518325050000000
unity_wallet,nep141:sol-5ce3bf3a31af18be40ba30f721101b4341690186.omft.near,1335363812.4500003
unity_wallet,nep141:sol-c800a4bd850783ccb82c2b2c7e84175443606352.omft.near,1580980.5
unity_wallet,nep141:sol.omft.near,6384922457.82
unity_wallet,nep141:tron-d28a265909efecdcee7c5028585214ea0b96f015.omft.near,9354144064.769999
unity_wallet,nep141:tron.omft.near,49731520.60000001
unity_wallet,nep141:usdt.tether-token.near,68251.31
unity_wallet,nep141:wrap.near,5.367646440059998e+24
unity_wallet,nep141:xrp.omft.near,417944.64
unity_wallet,nep245:v2_1.omni.hot.tg:137_11111111111111111111,16549906325119998000
unity_wallet,nep245:v2_1.omni.hot.tg:137_3hpYoaLtt8MP1Z2GH1U473DMRKgr,300000
unity_wallet,nep245:v2_1.omni.hot.tg:56_11111111111111111111,5596875860000000
unity_wallet,nep245:v2_1.omni.hot.tg:56_2CMMyVTGZkeyNZTSvS5sarzfir6g,2571412163130000000
veax.near,nep141:17208628f84f5d6ad33f0da3bbbeb27ffcb398eac501a31bd6ad2011e36133a1,10019.19
veax.near,nep141:eth.bridge.near,3224397707210.9697
veax.near,nep141:usdt.tether-token.near,12279.779999999999
veax.near,nep141:wrap.near,1.2e+22
web_starlight.near,nep141:eth.bridge.near,2666788886408.64
web_starlight.near,nep141:usdt.tether-token.near,8957.43
web_starlight.near,nep141:wrap.near,1.5e+21
wowmax,nep245:v2_1.omni.hot.tg:56_2w93GqMcEmQFDru84j3HZZWt557r,1002000000000000000
zashi,nep141:17208628f84f5d6ad33f0da3bbbeb27ffcb398eac501a31bd6ad2011e36133a1,2710685734.85
zashi,nep141:aaaaaa20d9e0e2461697782ef11675f668207961.factory.bridge.near,166200000000000000
zashi,nep141:aptos-88cb7619440a914fe6400149a12b443c3ac21d59.omft.near,4182247.77
zashi,nep141:aptos.omft.near,4500000
zashi,nep141:arb-0x912ce59144191c1204e64559fe8253a0e49e6548.omft.near,5603921693903205000
zashi,nep141:arb-0xaf88d065e77c8cc2239327c5edb3a432268e5831.omft.near,7045532570.245
zashi,nep141:arb-0xfd086bc7cd5c481dcc9c85ebe478a1c0b69fcbb9.omft.near,2289943514.5
zashi,nep141:arb.omft.near,153614080000000000
zashi,nep141:base-0x833589fcd6edb6e08f4c7c32d4f71b54bda02913.omft.near,2243885535.76
zashi,nep141:base-0xcbb7c0000ab88b473b1f5afd9ef808440eed33bf.omft.near,12984.235
zashi,nep141:base.omft.near,338991584500000000
zashi,nep141:btc.omft.near,55838785.87500002
zashi,nep141:cardano.omft.near,262473527.23
zashi,nep141:doge.omft.near,3746568060.465
zashi,nep141:eth-0x514910771af9ca656af840dff83e8264ecf986ca.omft.near,2850000000000000
zashi,nep141:eth-0x6b175474e89094c44da98b954eedeac495271d0f.omft.near,30051050000000000000
zashi,nep141:eth-0xa0b86991c6218b36c1d19d4a2e9eb0ce3606eb48.omft.near,16953809626.419998
zashi,nep141:eth-0xcbb7c0000ab88b473b1f5afd9ef808440eed33bf.omft.near,20000
zashi,nep141:eth-0xdac17f958d2ee523a2206206994597c13d831ec7.omft.near,6315228251.1
zashi,nep141:eth.bridge.near,4078500000000000
zashi,nep141:eth.omft.near,10022305622139247000
zashi,nep141:gnosis-0x420ca0f9b9b604ce0fd9c18ef134c705e5fa3430.omft.near,1938600000000000000
zashi,nep141:gnosis-0x9c58bacc331c9aa871afd802db6379a98e80cedb.omft.near,17750000000000000
zashi,nep141:gnosis.omft.near,8943000000000000000
zashi,nep141:sol-5ce3bf3a31af18be40ba30f721101b4341690186.omft.near,27063186166.464996
zashi,nep141:sol-b9c68f94ec8fd160137af8cdfe5e61cd68e2afba.omft.near,20010400
zashi,nep141:sol-c800a4bd850783ccb82c2b2c7e84175443606352.omft.near,11181134845
zashi,nep141:sol.omft.near,383926685764.21497
zashi,nep141:sui-c1b81ecaf27933252d31a963bc5e9458f13c18ce.omft.near,6184622930
zashi,nep141:sui.omft.near,221951700000
zashi,nep141:tron-d28a265909efecdcee7c5028585214ea0b96f015.omft.near,3462782755
zashi,nep141:tron.omft.near,30852975.525
zashi,nep141:usdt.tether-token.near,67631450
zashi,nep141:wrap.near,9.2185e+23
zashi,nep141:xrp.omft.near,40841908.01499999
zashi,nep141:zec.omft.near,85442751695.48509
zashi,nep245:v2_1.omni.hot.tg:10_11111111111111111111,5010208500000000
zashi,nep245:v2_1.omni.hot.tg:10_359RPSJVdTxwTJT9TyGssr2rFoWo,1490000
zashi,nep245:v2_1.omni.hot.tg:10_A2ewyUyDp6qsue1jqZsGypkCxRJ,14243550
zashi,nep245:v2_1.omni.hot.tg:10_vLAiSt9KfUGKpw5cD3vsSyNYBo7,461040750000000000000
zashi,nep245:v2_1.omni.hot.tg:1117_,2047073042.6
zashi,nep245:v2_1.omni.hot.tg:1117_3tsdfyziyc7EJbP2aULWSKU4toBaAcN4FdTgfm5W1mC4ouR,5303000
zashi,nep245:v2_1.omni.hot.tg:137_11111111111111111111,7091850000000000000
zashi,nep245:v2_1.omni.hot.tg:137_3hpYoaLtt8MP1Z2GH1U473DMRKgr,6695974.525
zashi,nep245:v2_1.omni.hot.tg:137_qiStmoQJDQPTebaPjgx5VBxZv6L,154254053.075
zashi,nep245:v2_1.omni.hot.tg:43114_11111111111111111111,18357410000000000000
zashi,nep245:v2_1.omni.hot.tg:43114_372BeH7ENZieCaabwkbWkBiTTgXp,4665000
zashi,nep245:v2_1.omni.hot.tg:43114_3atVJH3r5c4GqiSYmg9fECvjc47o,209371800
zashi,nep245:v2_1.omni.hot.tg:56_11111111111111111111,432132556000000000
zashi,nep245:v2_1.omni.hot.tg:56_12zbnsg6xndDVj25QyL82YMPudb,7708047186550000000
zashi,nep245:v2_1.omni.hot.tg:56_2CMMyVTGZkeyNZTSvS5sarzfir6g,249622522054050000000
zashi,nep245:v2_1.omni.hot.tg:56_2w93GqMcEmQFDru84j3HZZWt557r,41706600000000000000
zolanear,nep141:arb-0xaf88d065e77c8cc2239327c5edb3a432268e5831.omft.near,1988.921
zolanear,nep141:arb.omft.near,100000000000
zolanear,nep141:eth.omft.near,8800000000000
zolanear,nep141:sol-b9c68f94ec8fd160137af8cdfe5e61cd68e2afba.omft.near,5238.668
zolanear,nep141:sol.omft.near,38000
zolanear,nep141:wrap.near,3.2538933999999985e+22